<?xml version="1.0" encoding="UTF-8"?>
<project-private xmlns="http://www.netbeans.org/ns/project-private/1">
    <editor-bookmarks xmlns="http://www.netbeans.org/ns/editor-bookmarks/2" lastBookmarkId="0"/>
    <open-files xmlns="http://www.netbeans.org/ns/projectui-open-files/2">
        <group>
            <file>file:/C:/Users/Callum/OneDrive%20-%20Clow%20Inc/School/Uni/COMP611/COMP611-Algorithm-Design-Analysis/ADA_Assignment_4/src/ada_assignment_4/Vertex.java</file>
            <file>file:/C:/Users/Callum/OneDrive%20-%20Clow%20Inc/School/Uni/COMP611/COMP611-Algorithm-Design-Analysis/ADA_Assignment_4/src/ada_assignment_4/AdjacencyListGraph.java</file>
            <file>file:/C:/Users/Callum/OneDrive%20-%20Clow%20Inc/School/Uni/COMP611/COMP611-Algorithm-Design-Analysis/ADA_Assignment_4/src/ada_assignment_4/BestConversionFinder.java</file>
        </group>
    </open-files>
</project-private>
